{"cameraMode":{"drawMode":0,"name":"Shaded","section":"Shading Mode"},"sceneLighting":true,"audioPlay":false,"sceneViewState":{"showFog":true,"showMaterialUpdate":false,"showSkybox":true,"showFlares":true,"showImageEffects":true,"showParticleSystems":true},"in2DMode":false,"pivot":{"x":38.03084182739258,"y":3.48160719871521,"z":1.1319804191589356},"rotation":{"x":-0.03843272477388382,"y":0.9604727625846863,"z":-0.21711070835590363,"w":-0.1700165569782257},"size":3.2011096477508547,"orthographic":false}